{
  "dataset": "WikiText",
  "cpu_results": {
    "build_time_ms": 150.36608278751373,
    "search_time_ms": 9.093131870031357,
    "build_throughput": 212813949.8401381,
    "search_throughput": 10667391.761873294,
    "build_latency_ns": 4.698940087109804,
    "search_latency_ns": 93.74362752609646,
    "build_distance_ops": 32000000,
    "search_distance_ops": 97000,
    "num_elements": 10000,
    "num_queries": 1940,
    "dimension": 128
  },
  "gpu_results": {
    "build_time_ms": 146.64487913250923,
    "search_time_ms": 9.227607399225235,
    "build_throughput": 218214234.20510033,
    "search_throughput": 10511934.004490077,
    "build_latency_ns": 4.5826524728909135,
    "search_latency_ns": 95.12997318788902,
    "build_distance_ops": 32000000,
    "search_distance_ops": 97000,
    "num_elements": 10000,
    "num_queries": 1940,
    "dimension": 128
  },
  "comparison": {
    "build_speedup": 1.0253756126843134,
    "search_speedup": 0.9854268258958255,
    "build_throughput_ratio": 1.0253756126843132,
    "search_throughput_ratio": 0.9854268258958255,
    "build_latency_speedup": 1.0253756126843134,
    "search_latency_speedup": 0.9854268258958255
  }
}